"ID","TAXONOMY","OLIGO","QTY","TUBENAME","SEQUENCE","PROBE","COMMENTS","ORDERDATE","ORDERNO"
269,"h","IGF1L-TMP","1","IGF1L","CACCCCTCAAGCCTGCCAAGTCA","5-FAM/3-BHQ","","",""
270,"h","IGF1L-TMR","1","IGF1L","GGGCACGGACAGAGCG","","","",""
271,"h","IGF1-RTF","2","IGF1","GCCTCAGACAGGTATCGTGGAT","","","",""
272,"h","IGF1-RTR","2","IGF1","CTTCTGGGTCTTGGGCATGT","","","",""
273,"h","IGF1-TMF","2","IGF1","TGATCTAAGGAGGCTGGAGATGTA","","","",""
274,"h","IGF1-TMP","2","IGF1","TGCGCACCCCTCAAGCCTGC","5-FAM/3-BHQ","","",""
275,"h","IGF1-TMR","2","IGF1","CGGACAGAGCGAGCTGACTT","","","",""
276,"h","IGFR1R-RTF","1","IGFR1R","CCATCAAAGCAGGGAAAATGTAC","","","",""
277,"h","IGFR1R-RTR","1","IGFR1R","AACGGTGAAGCTGATGAGATCC","","","",""
278,"h","IGFR1R-TMF","1","IGFR1R","GAAAGTGACGTCCTGCATTTCA","","","",""
279,"h","IGFR1R-TMP","1","IGFR1R","CACCACCACGTCGAAGAATCGCA","5-FAM/3-BHQ","","",""
280,"h","IGFR1R-TMR","1","IGFR1R","CCGGTGCCAGGTTATGATG","","","",""
281,"h","igfr-RTF","1","igfr","CTGACCATCAAAGCAGGGAAA","","","",""
282,"h","igfr-RTR","1","igfr","AACGGTGAAGCTGATGAGATCC","","","",""
283,"h","igfr-TMF","1","igfr","GAAAGTGACGTCCTGCATTTCA","","","",""
284,"h","igfr-TMP","1","igfr","CACCACCACGTCGAAGAATCGCA","5-FAM/3-BHQ","","",""
285,"h","igfr-TMR","1","igfr","ACCGGTGCCAGGTTATGATG","","","",""
286,"h","IKB-RTF","1","IKB","TGGCCATGGAGTACTGCCA","","","",""
287,"h","IKB-RTR","1","IKB","TGGCTTTAGATCCCGATGGA","","","",""
288,"h","IKB-TMF","1","IKB","TCCGGAAGTACCTGAACCAGTT","","","",""
289,"h","IKB-TMP","1","IKB","CCTTCCCGCAGACCACAGCAGTTCT","5-FAM/3-BHQ","","",""
290,"h","IKB-TMR","1","IKB","AGCGCAGAGGCAATGTCACT","","","",""
291,"h","IK-RTF","1","IK","AGGCACAGAATCGCTGAAGAA","","","",""
292,"h","IK-RTR","1","IK","TGTTACCCTGGTCCATTTTGC","","","",""
293,"h","IK-TMF","1","IK","TGGGAGATTTCTTTGGCATGT","","","",""
294,"h","IK-TMP","1","IK","CAACAGTTATGCAGAGTGCTACCCAGCCA","5-FAM/3-BHQ","","",""
295,"h","IK-TMR","1","IK","TCCACAGCCATGTCATCCAT","","","",""
296,"h","IL10ra-RTF","1","IL10ra","CTGTGGCATTCCAGGGTTACC","","","",""
297,"h","IL10ra-RTR","1","IL10ra","CCCTGAGGAAGCCAGAGTCA","","","",""
298,"h","IL10ra-TMF","1","IL10ra","ACCTGAGGCAGACCAGATGTG","","","",""
299,"h","IL10ra-TMP","1","IL10ra","CCTGGAGGAAGAATCGCCCTTGACA","5-FAM/3-BHQ","","",""
300,"h","IL10ra-TMR","1","IL10ra","AGGCATCTCCCGAATTTGG","","","",""
301,"h","IL10R-RTF","1","IL10R","ACCTGAGGCAGACCAGATGTG","","","",""
302,"h","IL10R-RTR","1","IL10R","GCAAAGCTCCAGTCAGATATTCC","","","",""
303,"h","IL10R-TMF","1","IL10R","GTGCTGAAGAGAAGGCAACCA","","","",""
304,"h","IL10R-TMP","1","IL10R","CCTGGAGGAAGAATCGCCCTTGACA","5-FAM/3-BHQ","","",""
305,"h","IL10R-TMR","1","IL10R","AGGCATCTCCCGAATTTGG","","","",""
306,"h","IL10-RTF","1","IL10","GTTGCCTGGTCCTCCTGACT","","","",""
307,"h","IL10-RTR","1","IL10","TGTCCAGCTGATCCTTCATTTG","","","",""
308,"h","IL10-TMF","1","IL10","TGAGAACAGCTGCACCCACTT","","","",""
309,"h","IL10-TMP","1","IL10","CAGGCAACCTGCCTAACATGCTTCG","5-FAM/3-BHQ","","",""
310,"h","IL10-TMR","1","IL10","GCTGAAGGCATCTCGGAGAT","","","",""
316,"h","IL12A-RTF","1","IL12A","CCTCCTCCTTGTGGCTACCC","","","",""
317,"h","IL12A-RTR","1","IL12A","CAATCTCTTCAGAAGTGCAAGGG","","","",""
318,"h","IL12A-TMF","1","IL12A","TCCTCCTGGACCACCTCAGT","","","",""
319,"h","IL12A-TMP","1","IL12A","TGGCCAGAAACCTCCCCGTGG","5-FAM/3-BHQ","","",""
320,"h","IL12A-TMR","1","IL12A","GAACATTCCTGGGTCTGGAGTG","","","",""
321,"h","IL12B-RTF","1","IL12B","CGTTCAGGTCCAGGGCAA","","","",""
322,"h","IL12B-RTR","1","IL12B","TGGGTCTATTCCGTTGTGTCTT","","","",""
323,"h","IL12B-TMF","1","IL12B","ACGGTCATCTGCCGCAAA","","","",""
324,"h","IL12B-TMP","1","IL12B","CCAGCATTAGCGTGCGGGCC","5-FAM/3-BHQ","","",""
325,"h","IL12B-TMR","1","IL12B","CCCATTCGCTCCAAGATGAG","","","",""
326,"h","IL12R-RTF","1","IL12R","TGCGAGCAGACACAGCGT","","","",""
327,"h","IL12R-RTR","1","IL12R","GGATGCCTCTTCCTGGAAGTC","","","",""
328,"h","IL12R-TMF","1","IL12R","GCATCGAAGTGCAGGTTTCTG","","","",""
329,"h","IL12R-TMP","1","IL12R","TGGCTCATCTTCTTCGCCTCCCTG","5-FAM/3-BHQ","","",""
330,"h","IL12R-TMR","1","IL12R","GAGAAGGATGCTCAGGAAGCTC","","","",""
331,"h","IL13ra1-RTF","2","IL13ra1","TCTCACCCCCAGAAGGTGATC","","","",""
332,"h","IL13ra1-RTR","2","IL13ra1","TCCAGGCTTCTGTGCCAATAG","","","",""
333,"h","IL13ra1-TMF","2","IL13ra1","GAGTCTGCTGTGATTGAGCTTCA","","","",""
334,"h","IL13ra1-TMP","2","IL13ra1","TGCATTTGGCACAACCTGAGCTACATG","5-FAM/3-BHQ","","",""
335,"h","IL13ra1-TMR","2","IL13ra1","CGGGACTGGTATTCCTTCCA","","","",""
336,"h","IL13ra2-RTF","2","IL13ra2","TGCTTGGCTATCGGATGCTTAT","","","",""
337,"h","IL13ra2-RTR","2","IL13ra2","CGCTTCAATGCCCTTGTTAAGA","","","",""
338,"h","IL13ra2-TMF","2","IL13ra2","GGATCCCGGATACTTAGGTTATCTC","","","",""
339,"h","IL13ra2-TMP","2","IL13ra2","TGCAATGGCAACCCCCACTGTCT","5-FAM/3-BHQ","","",""
340,"h","IL13ra2-TMR","2","IL13ra2","CATATTCCACTGTGCATTCCTTAAA","","","",""
341,"h","IL13-RTF","2","IL13","GGATGCTGAGCGGATTCTG","","","",""
342,"h","IL13-RTR","2","IL13","CCCTCGCGAAAAAGTTTCTT","","","",""
343,"h","IL13-TMF","2","IL13","AAGGTCTCAGCTGGGCAGTTT","","","",""
344,"h","IL13-TMP","2","IL13","CCAGCTTGCATGTCCGAGACACCA","5-FAM/3-BHQ","","",""
345,"h","IL13-TMR","2","IL13","AAACTGGGCCACCTCGATT","","","",""
346,"h","IL14-RTF","1","IL14","CTCAGCCAGCTCCATGTTCTC","","","",""
347,"h","IL14-RTR","1","IL14","CTCCTACAGAAAAAGCAGAGCCA","","","",""
348,"h","IL14-TMF","1","IL14","AGCTTGGAGTTGCGCTCATT","","","",""
349,"h","IL14-TMP","1","IL14","TGCTGTTCCATCTGCAGCTGAATGTCAT","5-FAM/3-BHQ","","",""
350,"h","IL14-TMR","1","IL14","CTCGCACTTCCAGGTGACACT","","","",""
356,"h","IL15-RTF","1","IL15","AGGATTTACCGTGGCTTTGAGT","","","",""
357,"h","IL15-RTR","1","IL15","TGCTGTTACTTTGCAACTGGG","","","",""
358,"h","IL15-TMF","1","IL15","TTTCTAACTGAAGCTGGCATTCAT","","","",""
359,"h","IL15-TMP","1","IL15","CCCTGCACTGAAACAGCCCAAAATGA","5-FAM/3-BHQ","","",""
360,"h","IL15-TMR","1","IL15","CCAGTTGGCTTCTGTTTTAGGAA","","","",""
361,"h","IL16-RTF","1","IL16","TCCTGTGAGACGAAGCTACTTGAC","","","",""
362,"h","IL16-RTR","1","IL16","TGTTGGAGATGCCCCTTCCT","","","",""
363,"h","IL16-TMF","1","IL16","TGACGAAAAGACCAGCAAACTC","","","",""
364,"h","IL16-TMP","1","IL16","TTCTATCAGCAGCCAAGTGTCATCGGC","5-FAM/3-BHQ","","",""
365,"h","IL16-TMR","1","IL16","ATGGAAGGCACAGCAAGGAT","","","",""
371,"h","IL17-RTF","1","IL17","ACTGCTACTGCTGCTGAGCCT","","","",""
372,"h","IL17-RTR","1","IL17","GGTGAGGTGGATCGGTTGTAGT","","","",""
373,"h","IL17-TMF","1","IL17","CAATCCCACGAAATCCAGGA","","","",""
374,"h","IL17-TMP","1","IL17","CCCAAATTCTGAGGACAAGAACTTCCCC","5-FAM/3-BHQ","","",""
375,"h","IL17-TMR","1","IL17","TTCAGGTTGACCATCACAGTCC","","","",""
376,"h","IL18R-RTF","1","IL18R","GGCCACAGTTGCAGCCAA","","","",""
377,"h","IL18R-RTR","1","IL18R","CAATGGCTAATACAACCTGGCA","","","",""
378,"h","IL18R-TMF","1","IL18R","CGGTTCTTGAAAGCTCGGTAAG","","","",""
379,"h","IL18R-TMP","1","IL18R","CCCTGCAACGCAGAGCCTGCTTA","5-FAM/3-BHQ","","",""
380,"h","IL18R-TMR","1","IL18R","CTTTTAAGAAGTTCCCATAAATAGATCCA","","","",""
381,"h","IL18-RTF","1","IL18","ACGCATGCCCTCAATCCC","","","",""
382,"h","IL18-RTR","1","IL18","GGAGTTTTGCTGTTGTTGCCC","","","",""
383,"h","IL18-TMF","1","IL18","GCTGAGGCAGGAGAATCACTTG","","","",""
384,"h","IL18-TMP","1","IL18","TCCGGAGGTAGAGGTTGTGGTGAGCC","5-FAM/3-BHQ","","",""
385,"h","IL18-TMR","1","IL18","GAGCGCAATGGTGCAATCT","","","",""
431,"h","IL3-RTF","1","IL3","CTCAACAGACGACTTTGAGCC","","","",""
432,"h","IL3-RTR","1","IL3","AAAATGAGAACACAACCGCAC","","","",""
433,"h","IL3-TMF","1","IL3","GCCTCGGGACATCAAAAACAGCAGAAC","","","",""
434,"h","IL3-TMP","1","IL3","CTGAAACCTCTGGGTCATCTCTCACA","5-FAM/3-BHQ","","",""
435,"h","IL3-TMR","1","IL3","CAATTCATCTGATGCCGCAGGAAAAG","","","",""
436,"h","IL4-RTF","1","IL4","GGGTCTCACCTCCCAACTGC","","","",""
437,"h","IL4-RTR","1","IL4","TGTCTGTTACGGTCAACTCGGT","","","",""
438,"h","IL4-TMF","1","IL4","GCTTCCCCCTCTGTTCTTCCT","","","",""
439,"h","IL4-TMP","1","IL4","TCCACGGACACAAGTGCGATATCACC","5-FAM/3-BHQ","","",""
440,"h","IL4-TMR","1","IL4","GCTCTGTGAGGCTGTTCAAAGTT","","","",""
446,"h","IL5-RTF","1","IL5","GCCATGAGGATGCTTCTGCA","","","",""
447,"h","IL5-RTR","1","IL5","GAATCCTCAGAGTCTCATTGGCTATC","","","",""
448,"h","IL5-TMF","1","IL5","AGCTGCCTACGTGTATGCCA","","","",""
449,"h","IL5-TMP","1","IL5","CCCCACAGAAATTCCCACAAGTGCA","5-FAM/3-BHQ","","",""
450,"h","IL5-TMR","1","IL5","GTGCCAAGGTCTCTTTCACCA","","","",""
476,"h","IL8RA-RTF","2","IL8RA","TGGCTCTGGACAGGCACTATCT","","","",""
477,"h","IL8RA-RTR","2","IL8RA","GCCCTGTTCTCTCATCTAATGTCAG","","","",""
478,"h","IL8RA-TMF","2","IL8RA","GGCCACACCAACCTTCTGA","","","",""
479,"h","IL8RA-TMP","2","IL8RA","CCAAGGACCGGCCTTTGCACCT","5-FAM/3-BHQ","","",""
480,"h","IL8RA-TMR","2","IL8RA","AACGGGAATGATGGTGCTTC","","","",""
481,"h","IL8RB-RTF","2","IL8RB","CCTCCCTTCTCTTCACAGTCACA","","","",""
482,"h","IL8RB-RTR","2","IL8RB","GGCAAGCTTTCTAAACCATGCA","","","",""
483,"h","IL8RB-TMF","2","IL8RB","GCCTCATGTCCACTGGTTCTTC","","","",""
484,"h","IL8RB-TMP","2","IL8RB","CTCAGTGTCAATGCAGCCCCCATTG","5-FAM/3-BHQ","","",""
485,"h","IL8RB-TMR","2","IL8RB","GCCTCCTCTGCTTCCTGTGA","","","",""
486,"h","IL8-RTF","2","IL8","ACTCCAAACCTTTCCACCCC","","","",""
487,"h","IL8-RTR","2","IL8","CATCTTCACTGATTCTTGGATACCAC","","","",""
488,"h","IL8-TMF","2","IL8","CCACACTGCGCCAACACAGAAATTATTG","","","",""
489,"h","IL8-TMP","2","IL8","AAGCTTTCTGATGGAAGAGAGCTCTGTC","5-FAM/3-BHQ","","",""
490,"h","IL8-TMR","2","IL8","GCCCTCTTCAAAAACTTCTCCACAACCC","","","",""
491,"h","IL9ra-RTF","2","IL9ra","CCCGACCTACCTCCTGTTCA","","","",""
492,"h","IL9ra-RTR","2","IL9ra","TCCTGTTCCTCCTCCAGGG","","","",""
493,"h","IL9ra-TMF","2","IL9ra","GCCCAGGGTGAAGAGAATCTT","","","",""
494,"h","IL9ra-TMP","2","IL9ra","AACGTGCCCTCTCCAGCGATGTTC","5-FAM/3-BHQ","","",""
495,"h","IL9ra-TMR","2","IL9ra","GTCTGGAAGTTCCCATTGTGTACA","","","",""
496,"h","IL9-RTF","2","IL9","TGCTAATGTGACCAGTTGTCTCTG","","","",""
497,"h","IL9-RTR","2","IL9","TTGGTTGCATGGCTGTTCA","","","",""
498,"h","IL9-TMF","2","IL9","TTGGGCATTCCCTCTGACA","","","",""
499,"h","IL9-TMP","2","IL9","CTGCACCAGACCATGCTTCAGTGAGAGAC","5-FAM/3-BHQ","","",""
500,"h","IL9-TMR","2","IL9","CATGGTGGTATTGGTCATCTGAGA","","","",""
526,"h","Maxi K-RTF","1","Maxi K","AGTGCCACCTGATTGAGACCA","","","",""
527,"h","Maxi K-RTR","1","Maxi K","TGGTACAGCACAGCCCACC","","","",""
528,"h","Maxi K-TMF","1","Maxi K","GGGACCAGGAGGAGCTGAA","","","",""
529,"h","Maxi K-TMP","1","Maxi K","CAAGAAGGTGCCCCAGTACCCATGC","5-FAM/3-BHQ","","",""
530,"h","Maxi K-TMR","1","Maxi K","AGCTGACACGTTGACCCACA","","","",""
626,"h","MIP3A-RTF","1","MIP3A","GGCTGTGACATCAATGCTATCATC","","","",""
627,"h","MIP3A-RTR","1","MIP3A","GTCCAGTGAGGCACAAATTAGATAAG","","","",""
628,"h","MIP3A-TMF","1","MIP3A","TCTGGAATGGAATTGGACATAGCCCAAG","","","",""
629,"h","MIP3A-TMP","1","MIP3A","CCAACCCCAGCAAGGTTCTTTCTG","5-FAM/3-BHQ","","",""
630,"h","MIP3A-TMR","1","MIP3A","ACCCTCCATGATGTGCAAGTGAAACC","","","",""
631,"h","MIP3B-RTF","1","MIP3B","GCCTGCTGGTTCTCTGGACTT","","","",""
632,"h","MIP3B-RTR","1","MIP3B","GCAGCCATCCTTGATGAGAAG","","","",""
633,"h","MIP3B-TMF","1","MIP3B","CCCAGCCCCAACTCTGAGT","","","",""
634,"h","MIP3B-TMP","1","MIP3B","ACCAATGATGCTGAAGACTGCTGCCTG","5-FAM/3-BHQ","","",""
635,"h","MIP3B-TMR","1","MIP3B","GGATGGGTTTCTGGGTCACA","","","",""
131,"h","EGFR-RTF","1","EGFR","GTGGTCCTTGGGAATTTGGA","","","",""
132,"h","EGFR-RTR","1","EGFR","TCATGGGCAGCTCCTTCAGT","","","",""
133,"h","EGFR-TMF","1","EGFR","TCCAGGAGGTGGCTGGTTAT","","","",""
134,"h","EGFR-TMP","1","EGFR","TCCTCATTGCCCTCAACACAGTGGAG","5-FAM/3-BHQ","","",""
135,"h","EGFR-TMR","1","EGFR","TGCAGGTTTTCCAAAGGAATTC","","","",""
136,"h","EGF-RTF","1","EGF","CTATGGGACACAGACCCTTGAAG","","","",""
137,"h","EGF-RTR","1","EGF","CTCCAGGCATTGAGTAGGTGATT","","","",""
138,"h","EGF-TMF","1","EGF","CAGCTAACCCATTATGGCAACA","","","",""
139,"h","EGF-TMP","1","EGF","ACCCACCACACCAAATGGAGCTGACT","5-FAM/3-BHQ","","",""
140,"h","EGF-TMR","1","EGF","TGTGCATCGACATAGTTCATTCTTC","","","",""
141,"h","EGR1-RTF","1","EGR1","TCCAGTGCCGCATCTGCAT","","","",""
142,"h","EGR1-RTR","1","EGR1","CCGAAGAGGCCACAACACTTTTGT","","","",""
143,"h","EGR1-TMF","1","EGR1","GCCTGCGACATCTGTGGAA","","","",""
144,"h","EGR1-TMP","1","EGR1","TCTTGCGTTCATCGCTCCTGGCA","5-FAM/3-BHQ","","",""
145,"h","EGR1-TMR","1","EGR1","CGCAAGTGGATCTTGGTATGC","","","",""
176,"h","GAPDH-RTF","2","GAPDH","CAATGACCCCTTCATTGACCTC","","","",""
177,"h","GAPDH-RTR","2","GAPDH","CTCGCTCCTGGAAGATGGTGAT","","","",""
178,"h","GAPDH-TMF","1","GAPDH","GATTCCACCCATGGCAAATTC","","Length of TM product=71 bp","",""
179,"h","GAPDH-TMP","1","GAPDH","CGTTCTCAGCCTTGACGGTGCCA","5-FAM/3-BHQ","","",""
180,"h","GAPDH-TMR","1","GAPDH","GGGATTTCCATTGATGACAAGC","","","",""
211,"h","HIF1-RTF","1","HIF1","ATGTTAGCTCCCTATATCCCAATGG","","","",""
212,"h","HIF1-RTR","1","HIF1","TGGTGATGATGTGGCACTAGTAGTTT","","","",""
213,"h","HIF1-TMF","1","HIF1","CCAGTTACGTTCCTTCGATCAGT","","","",""
214,"h","HIF1-TMP","1","HIF1","TCACCATTAGAAAGCAGTTCCGCAAGCC","5-FAM/3-BHQ","","",""
215,"h","HIF1-TMR","1","HIF1","TTTGAGGACTTGCGCTTTCA","","","",""
236,"h","IFNA-R2-RTF","2","IFNA-R2","GGAGCGCAATGGTGTGATC","","","",""
237,"h","IFNa-R2-RTR","2","IFNA-R2","TTGCTAGGCATGGTGGCAG","","","",""
238,"h","IFNA-R2-TMF","3","IFNA-R2","TGGTGTGATCTTGGCTCACTG","","","",""
239,"h","IFNa-R2-TMP","2","IFNA-R2","TCCGCCTCCCGGGTTCAGG","5-FAM/3-BHQ","","",""
240,"h","IFNA-R2-TMR","2","IFNA-R2","GCTACTTGCGAGGGAGGCT","","","",""
686,"h","MUC5ac2-RTF","1","MUC5ac2","TGTGGCGGGAAAGACAGC","","","",""
687,"h","MUC5ac2-RTR","1","MUC5ac2","CCTTCCTATGGCTTAGCTTCAGC","","","",""
688,"h","MUC5ac2-TMF","1","MUC5ac2","CGTGTTGTCACCGAGAACGT","","","",""
689,"h","MUC5ac2-TMP","1","MUC5ac2","CTGCGGCACCACAGGGACCA","5-FAM/3-BHQ","","",""
71,"h","CD40BP-RTF","1","CD40BP","TGAGGAGCGAGTTGAGTGCAC","","","",""
72,"h","CD40BP-RTR","1","CD40BP","TTCGAGCGAGTTGCTCCAC","","","",""
73,"h","CD40BP-TMF","1","CD40BP","GCCCCCAGCACCTGTAGTTT","","","",""
74,"h","CD40BP-TMP","1","CD40BP","CCTGAAAAACGCAGCCATAGCGCTT","5-FAM/3-BHQ","","",""
75,"h","CD40BP-TMR","1","CD40BP","GCCTTGATCTGCTGGTTTGTC","","","",""
101,"h","COL1A1-RTF","1","COL1A1","ATGTGGCCATCCAGCTGAC","","","",""
102,"h","COL1A1-RTR","1","COL1A1","GTTGGAGCCCTTGAGGAGC","","","",""
103,"h","COL1A1-TMF","1","COL1A1","ATGTGGCCATCCAGCTGAC","","","",""
104,"h","COL1A1-TMP","1","COL1A1","TCCTGCGCCTGATGTCCACCG","5-FAM/3-BHQ","","",""
105,"h","COL1A1-TMR","1","COL1A1","CTTGCAGTGGTAGGTGATGTTCTG","","","",""
106,"h","cox2-RTF","1","cox2","CCTTCTGCCTGACACCTTTCAA","","","",""
107,"h","cox2-RTR","1","cox2","CATAAAGCGTTTGCGGTACTCA","","","",""
108,"h","cox2-TMF","1","cox2","GAATCATTCACCAGGCAAATTG","","","",""
109,"h","cox2-TMP","1","cox2","TGGCAGGGTTGCTGGTGGTAGGA","5-FAM/3-BHQ","","",""
110,"h","cox2-TMR","1","cox2","TCTGTACTGCGGGTGGAACA","","","",""
1166,"h","CXCR4-RTF","1","CXCR4","CATGGGTTACCAGAAGAAACTGAG","","","19-JAN-01","8"
1167,"h","CXCR4-RTR","1","CXCR4","AGTACCAGTTTGCCACGGC","","","19-JAN-01","8"
1168,"h","CXCR4-TMF","1","CXCR4","GAGAAGCATGACGGACAAGTACA","","","19-JAN-01","8"
1169,"h","CXCR4-TMP","1","CXCR4","CTGCACCTGTCAGTGGCCGACCT","5-FAM/3-BHQ","","19-JAN-01","8"
1170,"h","CXCR4-TMR","1","CXCR4","GGGAAGCGTGATGACAAAGAG","","","19-JAN-01","8"
1211,"h","ENA78-RTF","1","ENA78","CTCCTTGTGCGCGCTGTT","","","19-JAN-01","8"
1212,"h","ENA78-RTR","1","ENA78","GTTCTTCAGGGAGGCTACCACTT","","","19-JAN-01","8"
1213,"h","ENA78-TMF","1","ENA78","AGAGCTGCGTTGCGTTTGT","","","19-JAN-01","8"
1214,"h","ENA78-TMP","1","ENA78","TACAGACCACGCAGGGAGTTCATCCC","5-FAM/3-BHQ","","19-JAN-01","8"
1215,"h","ENA78-TMR","1","ENA78","GGCGAACACTTGCAGATTACTG","","","19-JAN-01","8"
1331,"h","H122Pep2-RTF","1","H122Pep2","TCAGGAGCACTGCCTGCAC","","","19-JAN-01","8"
1332,"h","H122Pep2-RTR","1","H122Pep2","TGGTTTGGAGTTTTCCCTTCTG","","","19-JAN-01","8"
1333,"h","H122Pep2-TMF","1","H122Pep2","CCAAGCTGCAGAGCACCAA","","","19-JAN-01","8"
1334,"h","H122Pep2-TMP","1","H122Pep2","CGCTTCATCAAGTGGTACAACGCCTG","5-FAM/3-BHQ","","19-JAN-01","8"
1335,"h","H122Pep2-TMR","1","H122Pep2","TAGACCCTGCGCTTCTCGTT","","","19-JAN-01","8"
1401,"h","HuFH-RTF","1","HuFH","CACGCGAAGGTGACCTTAAACT","","","19-JAN-01","8"
1402,"h","HuFH-RTR","1","HuFH","TGCACGAGTCTCTTCCACCTC","","","19-JAN-01","8"
1403,"h","HuFH-TMF","1","HuFH","GGGATGATGTGAAACCAGGAA","","","19-JAN-01","8"
1404,"h","HuFH-TMP","1","HuFH","CCCACCCTGCAACTTGGCACATG","5-FAM/3-BHQ","","19-JAN-01","8"
1405,"h","HuFH-TMR","1","HuFH","CGGACCAAGATGCACTATTGTG","","","19-JAN-01","8"
1411,"h","IL11-RTF","1","IL11","CTTTGGGAGGACGAAGCGA","","","20-FEB-01","10"
1412,"h","IL11-RTR","1","IL11","CACAGCATGCAGTGGTTTTGTA","","","20-FEB-01","10"
1413,"h","IL11-TMF","1","IL11","CGAAGCGAGTGGATCACTGA","","","20-FEB-01","10"
1414,"h","IL11-TMP","1","IL11","TCGCAGGCCGGTCTCAAACTCTTG","5-FAM/3-BHQ","","20-FEB-01","10"
1415,"h","IL11-TMR","1","IL11","TTTGAGACAGGGTTTTGCCAT","","","20-FEB-01","10"
1436,"h","IRAK-RTF","1","IRAK","CTTCTCGGAGGAGCTCAAGATC","","","19-JAN-01","8"
1437,"h","IRAK-RTR","1","IRAK","TTCTGAGCACAGTAGCCAGCA","","","19-JAN-01","8"
1438,"h","IRAK-TMF","1","IRAK","TGGCTTTGGGTGCGTGTAC","","","19-JAN-01","8"
1439,"h","IRAK-TMP","1","IRAK","CAGCATACACCGTGTTCCTCATCACCG","5-FAM/3-BHQ","","19-JAN-01","8"
1440,"h","IRAK-TMR","1","IRAK","CAGGTCAGCGTTCTCCTTCAG","","","19-JAN-01","8"
1446,"h","ISGF3-RTF","1","ISGF3","GTGCAACCGTACACGAAGGA","","","19-JAN-01","8"
1447,"h","ISGF3-RTR","1","ISGF3","TTAGAGACCACAATGAGCCTGTG","","","19-JAN-01","8"
1448,"h","ISGF3-TMF","1","ISGF3","ACCAGTTGCTCACTGAGGAGAATATA","","","19-JAN-01","8"
1449,"h","ISGF3-TMP","1","ISGF3","TGCGCTTCCTCTATCCCCGAATCC","5-FAM/3-BHQ","","19-JAN-01","8"
1450,"h","ISGF3-TMR","1","ISGF3","GGTAGTAGCACCCAAAAGCTTCA","","","19-JAN-01","8"
1506,"h","Lag2-RTF","1","Lag2","GGACCTGTCTGACGATAGTCCAA","","","19-JAN-01","8"
1507,"h","Lag2-RTR","1","Lag2","GCCCTGGATAACTCTAGACTGATACCT","","","19-JAN-01","8"
1508,"h","Lag2-TMF","1","Lag2","GATAAGCCCACCCAGAGAAGTG","","","19-JAN-01","8"
1509,"h","Lag2-TMP","1","Lag2","TCCAATGCTGCGACCCGGG","5-FAM/3-BHQ","","19-JAN-01","8"
1510,"h","Lag2-TMR","1","Lag2","CGTGACCTCCCCGTCCTA","","","19-JAN-01","8"
690,"h","MUC5ac2-TMR","1","MUC5ac2","ATCTTGATGGCCTTGGAGCA","","","",""
691,"h","MUC5b-RTF","1","MUC5b","TTGAGGACCCCTGCTCCCT","","","",""
692,"h","MUC5b-RTR","1","MUC5b","AGGCGTGCACATAGGAGGAC","","","",""
693,"h","MUC5b-TMF","1","MUC5b","CGATCCCAACAGTGCCTTCT","","","",""
694,"h","MUC5b-TMP","1","MUC5b","CAACCCCAAGCCCTTCCACTCGA","5-FAM/3-BHQ","","",""
695,"h","MUC5b-TMR","1","MUC5b","CCTCGCTCCGCTCACAGT","","","",""
696,"h","MUC5-RTF","1","MUC5","CTGCTTCTGCAACGTGGCT","","","",""
697,"h","MUC5-RTR","1","MUC5","TGGGCATCCCAGCTCAGT","","","",""
698,"h","MUC5-TMF","1","MUC5","CACCATATACCGCCACAGAGAC","","","",""
699,"h","MUC5-TMP","1","MUC5","TCGCTGGCCATTGCTATTATGCCC","5-FAM/3-BHQ","","",""
700,"h","MUC5-TMR","1","MUC5","GTCAACCCCTCTGACCACTTG","","","",""
731,"h","NKCC1-RTF","1","NKCC1","TGAACCTCTTCGTGGCTACATCT","","","",""
732,"h","NKCC1-RTR","1","NKCC1","TGCAGCCCACCAGTTAATGAC","","","",""
733,"h","NKCC1-TMF","1","NKCC1","CCTTGCATCATATGCATTGATCA","","","",""
734,"h","NKCC1-TMP","1","NKCC1","TTCCATGCATCACTTGCAAAATCTCCAG","5-FAM/3-BHQ","","",""
735,"h","NKCC1-TMR","1","NKCC1","GTATTTGAATGCAGGACGCCAT","","","",""
741,"h","OCTN1-RTF","1","OCTN1","GCTAGCCTGGCCACCAACA","","","",""
742,"h","OCTN1-RTR","1","OCTN1","CGCGTTGACCAGCACAGTT","","","",""
743,"h","OCTN1-TMF","1","OCTN1","TCCATCGTCACTGAGTTCAACCT","","","",""
744,"h","OCTN1-TMP","1","OCTN1","AGGTCCAGCTTCCAGGAGTCAGCACA","5-FAM/3-BHQ","","",""
745,"h","OCTN1-TMR","1","OCTN1","CCGCATTCAAACAGGACTGA","","","",""
746,"h","OCTN2-RTF","1","OCTN2","CTCTGGTGGTTCATCCCTGAGT","","","",""
747,"h","OCTN2-RTR","1","OCTN2","CCGGATATTCCAGGTTCGAAG","","","",""
748,"h","OCTN2-TMF","1","OCTN2","TCATCTCTCAGGGACGATTTGA","","","",""
749,"h","OCTN2-TMP","1","OCTN2","CCTTGCGGATGATCACCTCTGCCT","5-FAM/3-BHQ","","",""
750,"h","OCTN2-TMR","1","OCTN2","AACAATCCCATTGGCTTTGG","","","",""
246,"h","IFNGRA-RTF","1","IFNGRA","CATCACGTCATACCAGCCATTT","","","",""
247,"h","IFNGRA-RTR","1","IFNGRA","AAAGCGATGCTGCCAGGTT","","","",""
248,"h","IFNGRA-TMF","1","IFNGRA","GAAAAGGAGGTGGTCTGTGAAGAG","","","",""
249,"h","IFNGRA-TMP","1","IFNGRA","CGTTGTCTCCAGCAACAGTTCCAGGC","5-FAM/3-BHQ","","",""
250,"h","IFNGRA-TMR","1","IFNGRA","CCTGGATTGTCTTCGGTATGC","","","",""
251,"h","IFNGR-RTF","1","IFNGR","CATCACGTCATACCAGCCATTT","","","",""
252,"h","IFNGR-RTR","1","IFNGR","CGGGACCACGTCAGGAATATT","","","",""
253,"h","IFNGR-TMF","1","IFNGR","GGTCTGTGAAGAGCCGTTGTC","","","",""
254,"h","IFNGR-TMP","1","IFNGR","CCAGCAACAGTTCCAGGCATGCA","5-FAM/3-BHQ","","",""
255,"h","IFNGR-TMR","1","IFNGR","TGTTCCACTTTTCCTGGATTGTC","","","",""
256,"h","IFNG -RTF","1","IFNG","GTAACTGACTTGAATGTCCAACGC","","","",""
257,"h","IFNG -RTR","1","IFNG","GACAACCATTACTGGGATGCTC","","","",""
258,"h","IFNG -TMF","1","IFNG","CCAACGCAAAGCAATACATGA","","","",""
259,"h","IFNG -TMP","1","IFNG","TCCAAGTGATGGCTGAACTGTCGCC","5-FAM/3-BHQ","","",""
260,"h","IFNG -TMR","1","IFNG","TTTTCGCTTCCCTGTTTTAGCT","","","",""
261,"h","IGB7-RTF","1","IGB7","CACCATCCAAGTGTCCATACCTC","","","",""
262,"h","IGB7-RTR","1","IGB7","TTGCCAGTAGATGCGAGTTTGT","","","",""
263,"h","IGB7-TMF","1","IGB7","TGCTGGCTGGTCTTTCTCACT","","","",""
264,"h","IGB7-TMP","1","IGB7","TCCTTGGTCACGTGGATAACACCTGAACA","5-FAM/3-BHQ","","",""
265,"h","IGB7-TMR","1","IGB7","CAGCGTTGCCACTTCTTTCAC","","","",""
266,"h","IGF1L-RTF","1","IGF1L","CTGCTTCCGGAGCTGTGATC","","","",""
267,"h","IGF1L-RTR","1","IGF1L","TTCCTTCTGGGTCTTGGGC","","","",""
268,"h","IGF1L-TMF","1","IGF1L","AAGGAGGCTGGAGATGTATTGC","","","",""
896,"h","Ubiquitin-RTF","1","Ubiquitin","GGGCGGTTGGCTTTGTT","","","",""
897,"h","Ubiquitin-RTR","1","Ubiquitin","CCTGTTAGCGGATACCAGGATC","","","",""
898,"h","Ubiquitin-TMF","1","Ubiquitin","GGGCGGTTGGCTTTGTT","","","",""
899,"h","Ubiquitin-TMP","1","Ubiquitin","TGAGCTTGTTTGTGTCCCTGTGGGTG","5-FAM/3-BHQ","","",""
900,"h","Ubiquitin-TMR","1","Ubiquitin","TGCCAATCACCAACCACGT","","","",""
961,"h","BD1-RTF","1","BD1","AACTTTCTCACAGGCCTTGGC","","","19-JAN-01","8"
962,"h","BD1-RTR","1","BD1","TGGTCACTCCCAGCTCACTTG","","","19-JAN-01","8"
963,"h","BD1-TMF","1","BD1","CAGCAGTGGAGGGCAATGT","","","19-JAN-01","8"
964,"h","BD1-TMP","1","BD1","TCTATTCTGCCTGCCCGATCTTTACCAAA","5-FAM/3-BHQ","","19-JAN-01","8"
965,"h","BD1-TMR","1","BD1","CCCTCTGTAACAGGTGCCTTG","","","19-JAN-01","8"
966,"h","BGlucr-RTF","1","BGlucr","CCGACTTCTCTGACAACCGA","","","19-JAN-01","8"
967,"h","BGlucr-RTR","1","BGlucr","AGCGTGTCGACCCCATTC","","","19-JAN-01","8"
968,"h","BGlucr-TMF","1","BGlucr","TTCCCTCCAGCTTCAATGACA","","","19-JAN-01","8"
969,"h","BGlucr-TMP","1","BGlucr","CAGGACTGGCGTCTGCGGCA","5-FAM/3-BHQ","","19-JAN-01","8"
970,"h","BGlucr-TMR","1","BGlucr","ACCACACCCAGCCGACAA","","","19-JAN-01","8"
971,"h","BIGH3-RTF","1","BIGH3","TCTTCGCCCCTAGCAACG","","","19-JAN-01","8"
972,"h","BIGH3-RTR","1","BIGH3","GAGGTGAGGGTCATGCCGT","","","19-JAN-01","8"
973,"h","BIGH3-TMF","1","BIGH3","TCCCTGGTCAGCAATGTCAA","","","19-JAN-01","8"
974,"h","BIGH3-TMP","1","BIGH3","TGAGCTGCTCAATGCCCTCCGCTAC","5-FAM/3-BHQ","","19-JAN-01","8"
975,"h","BIGH3-TMR","1","BIGH3","CTCGCCTGCCCACCATAT","","","19-JAN-01","8"
991,"h","BTrypt-RTF","1","BTrypt","GCCATTTCCTCTGAAGCAGGT","","","19-JAN-01","8"
992,"h","BTrypt-RTR","1","BTrypt","TGAGTCCCTCCGGGTGTTC","","","19-JAN-01","8"
993,"h","BTrypt-TMF","1","BTrypt","TCCCCATAATGGAAAACCACAT","","","19-JAN-01","8"
994,"h","BTrypt-TMP","1","BTrypt","TGTGACGCAAAATACCACCTTGGCG","5-FAM/3-BHQ","","19-JAN-01","8"
995,"h","BTrypt-TMR","1","BTrypt","GGACGTCGTCTCCCGTGTAG","","","19-JAN-01","8"
996,"h","Cadh14-RTF","1","Cadh14","TGAGTACAGGAGCCTTAATCGCT","","","19-JAN-01","8"
997,"h","Cadh14-RTR","1","Cadh14","CAAAGGCCTCTGTGTCTTCCTC","","","19-JAN-01","8"
998,"h","Cadh14-TMF","1","Cadh14","CATTCTCCTGGCAATTGTGGTA","","","19-JAN-01","8"
999,"h","Cadh14-TMP","1","Cadh14","TTTTTATCACCCTGAGGCGCAGCAA","5-FAM/3-BHQ","","19-JAN-01","8"
1000,"h","Cadh14-TMR","1","Cadh14","TCTGAAATGATCAAGGGCTCTTT","","","19-JAN-01","8"
1001,"h","CAM-L-RTF","1","CAML","AAGCGAGTAGTGCTGGGTGATT","","","19-JAN-01","8"
1002,"h","CAM-L-RTR","1","CAML","GCACTCAGGTGGTTTAATGAACG","","","19-JAN-01","8"
1003,"h","CAM-L-TMF","1","CAML","GGTGATTCAGTCAGTACAGGAACAA","","","19-JAN-01","8"
1004,"h","CAM-L-TMP","1","CAML","CGGCCACACCACCCTGCTGG","5-FAM/3-BHQ","","19-JAN-01","8"
1005,"h","CAM-L-TMR","1","CAML","CCAGTTGGGTCCCCTTTACC","","","19-JAN-01","8"
1006,"h","CAPH1-RTF","1","CAPH1","CAGTTTCCGCAAGGACATCTTT","","","19-JAN-01","8"
1007,"h","CAPH1-RTR","1","CAPH1","TAGACACCGGGCCGATTG","","","19-JAN-01","8"
1008,"h","CAPH1-TMF","1","CAPH1","CATCTTTGGAGACATGGTTTGTG","","","19-JAN-01","8"
1009,"h","CAPH1-TMP","1","CAPH1","TGGCAATGCCCAAGGCGGG","5-FAM/3-BHQ","","19-JAN-01","8"
1010,"h","CAPH1-TMR","1","CAPH1","CACCGAAGCAGGCATCCT","","","19-JAN-01","8"
1011,"h","CathepB-RTF","1","CathepB","CCGTGTCGGATGAGCTGGT","","","19-JAN-01","8"
1012,"h","CathepB-RTR","1","CathepB","GCCCTGGTCTCTGATCTCTTTG","","","19-JAN-01","8"
1013,"h","CathepB-TMF","1","CathepB","TCAACTATGTCAACAAACGGAATACC","","","19-JAN-01","8"
1014,"h","CathepB-TMP","1","CathepB","AAGTTGTGCCCGGCCTGCCA","5-FAM/3-BHQ","","19-JAN-01","8"
1015,"h","CathepB-TMR","1","CathepB","CAAGTAGCTCATGTCCACGTTGTA","","","19-JAN-01","8"
1016,"h","CathepG-RTF","1","CathepG","AACGGAAGGCTGCCTTCAA","","","19-JAN-01","8"
1017,"h","CathepG-RTR","1","CathepG","CCTTATCCAGGGCAGGAAACT","","","19-JAN-01","8"
1018,"h","CathepG-TMF","1","CathepG","GCCCCCTGCTGTGTAACAAT","","","19-JAN-01","8"
1019,"h","CathepG-TMP","1","CathepG","TGGCCCACGGCATCGTCTCC","5-FAM/3-BHQ","","19-JAN-01","8"
1020,"h","CathepG-TMR","1","CathepG","GAACCCCTGACGACTTTCCA","","","19-JAN-01","8"
1021,"h","CathepsC-RTF","1","CathepsC","CCACACTGGTCTAAGAGACCCTTT","","","19-JAN-01","8"
1022,"h","CathepsC-RTR","1","CathepsC","ATTGCACACTCATCAGTTCCTCTG","","","19-JAN-01","8"
1023,"h","CathepsC-TMF","1","CathepsC","TTCAACCCCTTTGAGCTGACTAA","","","19-JAN-01","8"
1024,"h","CathepsC-TMP","1","CathepsC","CCATAGCCCACAAGCAGAACAGCATG","5-FAM/3-BHQ","","19-JAN-01","8"
1025,"h","CathepsC-TMR","1","CathepsC","AATCCATCCCAGAGGCTGAGT","","","19-JAN-01","8"
1036,"h","CCR3-RTF","1","CCR3","CGTTCTCCCTCTGCTCGTTATG","","","19-JAN-01","8"
1037,"h","CCR3-RTR","1","CCR3","GATAGCCACATTGTAGGGTGTCC","","","19-JAN-01","8"
1038,"h","CCR3-TMF","1","CCR3","CATCTGCTACACAGGAATCATCAAA","","","19-JAN-01","8"
1039,"h","CCR3-TMP","1","CCR3","CGCTGCTGAGGTGCCCCAGTAAA","5-FAM/3-BHQ","","19-JAN-01","8"
1040,"h","CCR3-TMR","1","CCR3","GCCGGATGGCCTTGTACTTT","","","19-JAN-01","8"
1566,"h","NFKB-RTF","1","NFKB","CCACGAGCTTGTAGGAAAGGA","","","19-JAN-01","8"
1567,"h","NFKB-RTR","1","NFKB","GACTGATAGCCTGCTCCAGGTC","","","19-JAN-01","8"
1568,"h","NFKB-TMF","1","NFKB","CTGCCGGGATGGCTTCTAT","","","19-JAN-01","8"
1569,"h","NFKB-TMP","1","NFKB","TGAGCTCTGCCCGGACCGCT","5-FAM/3-BHQ","","19-JAN-01","8"
1570,"h","NFKB-TMR","1","NFKB","CCAGGTTCTGGAAACTGTGGAT","","","19-JAN-01","8"
1596,"h","POP2-RTF","1","POP2","CACTTGTGGAGAATAGCCAGGTT","","","19-JAN-01","8"
1597,"h","POP2-RTR","1","POP2","CCGCAGAAGCTGATATTGGTAA","","","19-JAN-01","8"
1598,"h","POP2-TMF","1","POP2","AAGAGATGAGGAAGATCCGAGAAA","","","19-JAN-01","8"
1599,"h","POP2-TMP","1","POP2","CGTGCCCAGTTACAGTTATATTGCCATGG","5-FAM/3-BHQ","","19-JAN-01","8"
1600,"h","POP2-TMR","1","POP2","ACCACAACACCTGGAAATTCTGT","","","19-JAN-01","8"
1136,"h","Chymase-RTF","1","Chymase","TGCTCTTTCTCTTGTGCTCCAG","","","19-JAN-01","8"
1137,"h","Chymase-RTR","1","Chymase","CGTCAGCACAAAGTTCCGTCTT","","","19-JAN-01","8"
1138,"h","Chymase-TMF","1","Chymase","GCACAGAATGCAAGCCACAT","","","19-JAN-01","8"
1139,"h","Chymase-TMP","1","Chymase","CCGCCCCTACATGGCCTACCTGG","5-FAM/3-BHQ","","19-JAN-01","8"
1140,"h","Chymase-TMR","1","Chymase","AGGGACCGTTGGAAGTTACAATT","","","19-JAN-01","8"
1151,"h","CSF1R-RTF","1","CSF1R","TGAGCAAGACCTGGACAAGGA","","","19-JAN-01","8"
1152,"h","CSF1R-RTR","1","CSF1R","GCCCTTGACAATGTAGTTGGAGTC","","","19-JAN-01","8"
1153,"h","CSF1R-TMF","1","CSF1R","CCTCGCTTCCAAGAATTGCA","","","19-JAN-01","8"
1154,"h","CSF1R-TMP","1","CSF1R","CCATTGGTCAACAGCACGTTACGCG","5-FAM/3-BHQ","","19-JAN-01","8"
1155,"h","CSF1R-TMR","1","CSF1R","AGCCCGAAGTCCCCAATCT","","","19-JAN-01","8"
1641,"h","SDF1b-RTF","1","SDF1b","AGGTCGTGGTCGTGCTGGTC","","","19-JAN-01","8"
1642,"h","SDF1b-RTR","1","SDF1b","GCTTCGGGTCAATGCACACT","","","19-JAN-01","8"
1643,"h","SDF1b-TMF","1","SDF1b","CATGCCGATTCTTCGAAAGC","","","19-JAN-01","8"
1644,"h","SDF1b-TMP","1","SDF1b","ATGTTGCCAGAGCCAACGTCAAGCA","5-FAM/3-BHQ","","19-JAN-01","8"
1645,"h","SDF1b-TMR","1","SDF1b","CAGTTTGGAGTGTTGAGAATTTTGA","","","19-JAN-01","8"
1666,"h","SLC-RTF","1","SLC","CGGAAGCAGGAACCAAGCTTA","","","19-JAN-01","8"
1667,"h","SLC-RTR","1","SLC","TGTCCAGATGCTGCATCAGC","","","19-JAN-01","8"
1668,"h","SLC-TMF","1","SLC","CTCCATCCCAGCTATCCTGTTC","","","19-JAN-01","8"
1669,"h","SLC-TMP","1","SLC","TGCCCCGCAAGCGCTCTCAG","5-FAM/3-BHQ","","19-JAN-01","8"
1670,"h","SLC-TMR","1","SLC","CTTTGGGTCTGCACATAGCTCTG","","","19-JAN-01","8"
1691,"h","STAT1a-RTF","1","STAT1a","GGGCATCATGCATCTTACTGAA","","","19-JAN-01","8"
1692,"h","STAT1a-RTR","1","STAT1a","CCTACGTCAAGCAGTTCCCTAAA","","","19-JAN-01","8"
1693,"h","STAT1a-TMF","1","STAT1a","TGAAGGTAAAATTGAAAGGCATTCT","","","19-JAN-01","8"
1694,"h","STAT1a-TMP","1","STAT1a","CCCTCATTCTCGTCCTGATACTTTGGGTGT","5-FAM/3-BHQ","","19-JAN-01","8"
1695,"h","STAT1a-TMR","1","STAT1a","ATGCATAACATTTGCTAGATGTTGCT","","","19-JAN-01","8"
1696,"h","STAT1b-RTF","1","STAT1b","GGAACTTGATGGCCCTAAAGG","","","19-JAN-01","8"
1697,"h","STAT1b-RTR","1","STAT1b","GCTGTGATGGCGATAGCAATT","","","19-JAN-01","8"
1698,"h","STAT1b-TMF","1","STAT1b","AAGTGAACACAGAAGAGTGACATGTTT","","","19-JAN-01","8"
1699,"h","STAT1b-TMP","1","STAT1b","CAAACCTCAAGCCAGCCTTGCTCCT","5-FAM/3-BHQ","","19-JAN-01","8"
1700,"h","STAT1b-TMR","1","STAT1b","TCTTCAACAGGCCCCAGC","","","19-JAN-01","8"
1711,"h","STAT4-RTF","1","STAT4","TTTGGACATGGCTTGAAGCA","","","19-JAN-01","8"
1712,"h","STAT4-RTR","1","STAT4","GTGAAAGTTATTCCTCCGAGATGG","","","19-JAN-01","8"
1713,"h","STAT4-TMF","1","STAT4","GAAACACATTCTTCCCCTTTGG","","","19-JAN-01","8"
1714,"h","STAT4-TMP","1","STAT4","TGCTAACAAAGCCCATGACATACCCATCAA","5-FAM/3-BHQ","","19-JAN-01","8"
1715,"h","STAT4-TMR","1","STAT4","GCAACAGCCGTTCCTTCTCT","","","19-JAN-01","8"
1716,"h","STAT5-RTF","1","STAT5","TGTGTGTCCTTGTGCATGAGC","","","19-JAN-01","8"
1717,"h","STAT5-RTR","1","STAT5","GAATAGGTCTGGCTGCATTGAGT","","","19-JAN-01","8"
1718,"h","STAT5-TMF","1","STAT5","AGCAGCGGTGGCCTCTTT","","","19-JAN-01","8"
1719,"h","STAT5-TMP","1","STAT5","TGGCATCCAAGAGTGCGCCGA","5-FAM/3-BHQ","","19-JAN-01","8"
1720,"h","STAT5-TMR","1","STAT5","GCTCGGTCTCTACCATGACAGA","","","19-JAN-01","8"
1721,"h","STAT6-RTF","1","STAT6","TATGTCCCAGCTACCATCAAGATGACC","","","19-JAN-01","8"
1722,"h","STAT6-RTR","1","STAT6","AAGGCTGACAACACGTTGACTGATTC","","","19-JAN-01","8"
1723,"h","STAT6-TMF","1","STAT6","CAAGATGACCGTGGAAAGGGACCAAC","","","19-JAN-01","8"
1724,"h","STAT6-TMP","1","STAT6","CTTCCTACCCCAGAGCTCCAGATG","5-FAM/3-BHQ","","19-JAN-01","8"
1725,"h","STAT6-TMR","1","STAT6","ATGGAGGAATCAGGGGCCATTCCAAG","","","19-JAN-01","8"
1731,"h","T1/ST2-RTF","1","T1/ST2","AGGAAGCAGTGTTTCTACCAGTCC","","","19-JAN-01","8"
1732,"h","T1/ST2-RTR","1","T1/ST2","TGTGTACCCCATCAGCCTTG","","","19-JAN-01","8"
1733,"h","T1/ST2-TMF","1","T1/ST2","AGCCTCGAGACCGAATACCA","","","19-JAN-01","8"
1734,"h","T1/ST2-TMP","1","T1/ST2","CACGTCCAGTCCAGCACCTCCGAT","5-FAM/3-BHQ","","19-JAN-01","8"
1735,"h","T1/ST2-TMR","1","T1/ST2","GGGCTCTCCAGCGTGAAGT","","","19-JAN-01","8"
1741,"h","TAFIID-RTF","1","TAFIID","GCCTCCTCTTCCCTTCGCT","","","19-JAN-01","8"
1742,"h","TAFIID-RTR","1","TAFIID","GAACGGTTTTCGGCCCAG","","","19-JAN-01","8"
1743,"h","TAFIID-TMF","1","TAFIID","TGTAAGTACCCGAGGCGAAGA","","","19-JAN-01","8"
1744,"h","TAFIID-TMP","1","TAFIID","ACACTCAAAAAATCAGGGCTCAGCGAGCT","5-FAM/3-BHQ","","19-JAN-01","8"
1745,"h","TAFIID-TMR","1","TAFIID","CACAAACTCTCCCGGAACAAA","","","19-JAN-01","8"
1751,"h","TCF1-RTF","1","TCF1","CTGCACAAGGCCAATCAGC","","","19-JAN-01","8"
1752,"h","TCF1-RTR","1","TCF1","ACCAGAACCTAGCATCAAGGATG","","","19-JAN-01","8"
1753,"h","TCF1-TMF","1","TCF1","GAACATTTCAACAGCCCACATC","","","19-JAN-01","8"
1754,"h","TCF1-TMP","1","TCF1","CCCTGCACCTGCGGACATCAGC","5-FAM/3-BHQ","","19-JAN-01","8"
1755,"h","TCF1-TMR","1","TCF1","AGAGGCCTGTGAACTTGCTTCT","","","19-JAN-01","8"
1851,"h","CMA1-RTF","1","CMA1","GGCCCAGGGCATCGTATC","","","26-MAR-01","11"
1852,"h","CMA1-RTR","1","CMA1","CAGGATTAATTTGCCTGCAGG","","","26-MAR-01","11"
1853,"h","CMA1-TMF","1","CMA1","TATGGACGGTCGGATGCAA","","","26-MAR-01","11"
1854,"h","CMA1-TMP","1","CMA1","CCCTGCTGTCTTCACCCGAATCTCC","5-FAM/3-BHQ","","26-MAR-01","11"
1855,"h","CMA1-TMR","1","CMA1","TTGATCCAGGGCCGGTAAT","","","26-MAR-01","11"
1866,"h","GRANZYME A-RTF","1","GRANZYME A","CGTGCAATGGAGATTCTGGA","","","26-MAR-01","11"
1867,"h","GRANZYME A-RTR","1","GRANZYME A","ATATAGACACCAGGCCCACGA","","","26-MAR-01","11"
1868,"h","GRANZYME A-TMF","1","GRANZYME A","AGGTGGAAGAGACTCGTGCAA","","","26-MAR-01","11"
1869,"h","GRANZYME A-TMP","1","GRANZYME A","CCTCGCACAACAAAGGGCTTCCA","5-FAM/3-BHQ","","26-MAR-01","11"
1870,"h","GRANZYME A-TMR","1","GRANZYME A","GGAAGTGACCCCTCGGAAA","","","26-MAR-01","11"
786,"h","PDGFRB-RTF","1","PDGFRB","GCTACATCTGCAAAACCACCAT","","","",""
787,"h","PDGFRB-RTR","1","PDGFRB","AGGCATATCCAAGAGGAAGTCAG","","","",""
788,"h","PDGFRB-TMF","1","PDGFRB","AGGTGTCATCCATCAACGTCTCT","","","",""
789,"h","PDGFRB-TMP","1","PDGFRB","CCTGGCGGACCACAGTCTGCACT","5-FAM/3-BHQ","","",""
790,"h","PDGFRB-TMR","1","PDGFRB","TCCCGATCACAATGCACATG","","","",""
791,"h","PDGFR-RTF","1","PDGFR","GCTACATCTGCAAAACCACCAT","","","",""
792,"h","PDGFR-RTR","1","PDGFR","AGGCATATCCAAGAGGAAGTCAG","","","",""
793,"h","PDGFR-TMF","1","PDGFR","AGGTGTCATCCATCAACGTCTCT","","","",""
794,"h","PDGFR-TMP","1","PDGFR","CCTGGCGGACCACAGTCTGCACT","5-FAM/3-BHQ","","",""
795,"h","PDGFR-TMR","1","PDGFR","TCCCGATCACAATGCACATG","","","",""
816,"h","RANTES-RTF","1","RANTES","ACCACACCCTGCTGCTTTG","","","",""
817,"h","RANTES-RTR","1","RANTES","GCGGTTCTTTCGGGTGACA","","","",""
818,"h","RANTES-TMF","1","RANTES","CCTACATTGCCCGCCCACT","","","",""
819,"h","RANTES-TMP","1","RANTES","CCCCGTGCCCACATCAAGGAGTATTTC","5-FAM/3-BHQ","","",""
820,"h","RANTES-TMR","1","RANTES","GGAGCACTTGCCACTGGTG","","","",""
2181,"h","HISTR1-RTF","1","HISTR1","AGCAGGGCCTGAACACACAT","","","03-APR-01","13"
2182,"h","HISTR1-RTR","1","HISTR1","GCGGAGCCTCTTCCAAGTAAA","","","03-APR-01","13"
2183,"h","HISTR1-TMF","1","HISTR1","CGAACGGACTCAGATACCACC","","","03-APR-01","13"
2184,"h","HISTR1-TMP","1","HISTR1","CAGAGACAGCACCAGGCAAAGGCAA","5-FAM/3-BHQ","","03-APR-01","13"
2185,"h","HISTR1-TMR","1","HISTR1","CCTGTGTTAGACCCACTCCTCAA","","","03-APR-01","13"
2766,"h","IL9 (b)-RTF","1","IL9 (b)","AAGTGTCCATATTTTTCCTGTGAACA","","","24-JAN-02","29"
2767,"h","IL9 (b)-RTR","1","IL9 (b)","TTTCATCTTCATATCTTGCCTCTCAT","","","24-JAN-02","29"
2768,"h","IL9 (b)-TMF","1","IL9 (b)","ACAGCCATGCAACCAAACC","","","24-JAN-02","29"
2769,"h","IL9 (b)-TMP","1","IL9 (b)","CGGCAGGCAACGCGCTGAC","5-FAM/3-BHQ","","24-JAN-02","29"
2770,"h","IL9 (b)-TMR","1","IL9 (b)","TGGAAAATTTCCAGAAGACTCTTCA","","","24-JAN-02","29"
2581,"h","HistaminR2-RTF","1","HistaminR2","GGTCGCCCGGGATCA","","","04-OCT-01","22"
2582,"h","HistaminR2-RTR","1","HistaminR2","CGGCGGCCAGTGTCA","","","04-OCT-01","22"
2583,"h","HistaminR2-TMF","1","HistaminR2","CCGGGATCAGGCCAAGA","","","04-OCT-01","22"
2584,"h","HistaminR2-TMP","1","HistaminR2","TCAATCACATTAGCTCCTGGAAGGCAGC","5-FAM/3-BHQ","RC","04-OCT-01","22"
2585,"h","HistaminR2-TMR","1","HistaminR2","GCTTTGTGCTCCCTGATGGT","","","04-OCT-01","22"
3571,"h","PPIA-RTF","1","PPIA","ATGAGAACTTCATCCTAAAGCATACG","","","01-MAY-02","37"
3572,"h","PPIA-RTR","1","PPIA","TTGGCAGTGCAGATGAAAAACT","","","01-MAY-02","37"
3573,"h","PPIA-TMF","1","PPIA","ACGGGTCCTGGCATCTTGT","","","01-MAY-02","37"
3574,"h","PPIA-TMP","1","PPIA","ATGGCAAATGCTGGACCCAACACA","5-FAM/3-BHQ","","01-MAY-02","37"
3575,"h","PPIA-TMR","1","PPIA","GCAGATGAAAAACTGGGAACCA","","","01-MAY-02","37"
4316,"h","EEF1A1-RTF","1","EEF1A1","TGCTAACATGCCTTGGTTCAAG","","new design","07-APR-03","62"
4317,"h","EEF1A1-RTR","1","EEF1A1","TTGGACGAGTTGGTGGTAGGAT","","new design","07-APR-03","62"
4318,"h","EEF1A1-TMF","1","EEF1A1","CCTTGGTTCAAGGGATGGAA","","new design","07-APR-03","62"
4319,"h","EEF1A1-TMP","1","EEF1A1","CACTGGCATTGCCATCCTTACGGG","5-FAM/3-BHQ","new design","07-APR-03","62"
4320,"h","EEF1A1-TMR","1","EEF1A1","GCCTCAAGCAGCGTGGTT","","new design","07-APR-03","62"
66,"m","M-GAPDH-RTF","1","M-GAPDH","CATGGCCTTCCGTGTTCCTA","","","","1"
67,"m","M-GAPDH-RTR","1","M-GAPDH","GGTCCTCAGTGTAGCCCAAGAT","","","","1"
68,"m","M-GAPDH-TMF","1","M-GAPDH","TGTGTCCGTCGTGGATCTGA","","","","1"
69,"m","M-GAPDH-TMP","1","M-GAPDH","CCGCCTGGAGAAACCTGCCAAGTATG","5-FAM/3-BHQ","","","1"
70,"m","M-GAPDH-TMR","1","M-GAPDH","CCTGCTTCACCACCTTCTTGAT","","","","1"
91,"m","M-MMP12-RTF","1","M-MMP12","CTGGACAACTCAACTCTGGCAA","","","","1"
92,"m","M-MMP12-RTR","1","M-MMP12","ATTATAGATCCTGTAAGTGAGGTACCGC","","","","1"
93,"m","M-MMP12-TMF","1","M-MMP12","TGTGGAGTGCCCGATGTACA","","","","1"
94,"m","M-MMP12-TMP","1","M-MMP12","CATCTTAGAGCAGTGCCCCAGAGGTCAA","5-FAM/3-BHQ","","","1"
95,"m","M-MMP12-TMR","1","M-MMP12","AGTGAGGTACCGCTTCATCCAT","","","","1"
886,"m","M-TP53-RTF","1","M-TP53","TGCCCCCACCATGAGC","","","01-OCT-04","115"
887,"m","M-TP53-RTR","1","M-TP53","ACCACGCTGTGGCGAAA","","","01-OCT-04","115"
888,"m","M-TP53-TMF","1","M-TP53","AGCGCTGCTCCGATGGT","","","01-OCT-04","115"
889,"m","M-TP53-TMP","1","M-TP53","CCTCCCCAGCATCTTATCCGG","5-FAM/3-BHQ","","01-OCT-04","115"
890,"m","M-TP53-TMR","1","M-TP53","TCGGGATACAAATTTCCTTCCA","","","01-OCT-04","115"
2431,"v","RV16-RTF","1","RV16","CACTTCTGTTTCCCCGGTCA","","","04-APR-01","14"
2432,"v","RV16-RTR","1","RV16","ACCCAGTGGGTGTGCAGG","","","04-APR-01","14"
2433,"v","RV16-TMF","1","RV16","CGCTCAGCTGTTAACCCAACA","","","04-APR-01","14"
2434,"v","RV16-TMP","1","RV16","TAGAGATTCCCCTCCGGCGACGG","5-FAM/3-BHQ","","04-APR-01","14"
2435,"v","RV16-TMR","1","RV16","CAGCCACGCAGGCTAGAAC","","","04-APR-01","14"
